{
    "loss": 0.32782551646232605,
    "accuracy": 0.8956043720245361
}